n_jobs,thread,process
1,0.1288514079997185,0.4254097149996596
2,0.1673319809997338,0.30400622300021496
3,0.14770281499932025,0.36309792599968205
4,0.15636624899980234,0.3019683169995915
